,qb_name,total_starts,cumulative_era_adjusted_elo_value,average_era_adjusted_elo_value,winning_percentage,pct_of_starts_as_best_qb,pct_of_starts_as_top3_qb,pct_of_starts_as_top5_qb
480,Otto Graham,78,4820.342386962214,61.799261371310436,0.782051282051282,0.7051282051282052,0.9358974358974359,0.9871794871794872
588,Steve Young,157,13806.241239553216,87.93784229014787,0.6496815286624203,0.6114649681528662,0.7834394904458599,0.8089171974522293
485,Patrick Mahomes,32,2232.532416683729,69.76663802136653,0.75,0.4375,0.65625,0.75
493,Peyton Manning,292,27441.933650100804,93.97922482911234,0.684931506849315,0.4280821917808219,0.7636986301369864,0.8664383561643836
521,Roger Staubach,131,7764.1684272442235,59.26846127667346,0.732824427480916,0.42748091603053434,0.7099236641221374,0.916030534351145
364,Johnny Unitas,193,9850.797543330256,51.04040177891324,0.6424870466321243,0.32124352331606215,0.5233160621761658,0.6632124352331606
204,Drew Brees,288,24524.46794230652,85.1544025774532,0.5902777777777778,0.3194444444444444,0.7256944444444444,0.7951388888888888
338,Joe Montana,187,15108.239456888332,80.7927243683868,0.7112299465240641,0.3048128342245989,0.7807486631016043,0.8983957219251337
144,Dan Fouts,178,10312.076809792545,57.93301578535137,0.5,0.25280898876404495,0.5224719101123596,0.6573033707865169
226,Fran Tarkenton,250,14813.229720942012,59.25291888376805,0.52,0.244,0.672,0.836
146,Dan Marino,258,17955.57488771436,69.59525150276883,0.6007751937984496,0.24031007751937986,0.6046511627906976,0.7635658914728682
666,Y.A. Tittle,137,5143.676950056247,37.54508722668793,0.5693430656934306,0.22627737226277372,0.5109489051094891,0.7153284671532847
251,George Ratterman,18,279.3599105516934,15.519995030649634,0.5,0.2222222222222222,0.3888888888888889,0.8333333333333334
403,Lamar Jackson,23,682.8072449051267,29.687271517614203,0.8260869565217391,0.21739130434782608,0.30434782608695654,0.34782608695652173
397,Kurt Warner,129,6276.056585387091,48.651601437109235,0.5891472868217055,0.17829457364341086,0.35658914728682173,0.5658914728682171
616,Tom Brady,322,20192.757628300984,62.7104274170838,0.7732919254658385,0.17080745341614906,0.5093167701863354,0.6863354037267081
380,Ken Anderson,178,8206.795411588038,46.1055921999328,0.5224719101123596,0.16853932584269662,0.3595505617977528,0.47191011235955055
511,Rich Gannon,139,5066.176457221884,36.44731264188406,0.5755395683453237,0.16546762589928057,0.28776978417266186,0.381294964028777
3,Aaron Rodgers,189,12962.275420877182,68.583467835329,0.6402116402116402,0.15343915343915343,0.42857142857142855,0.6243386243386243
609,Tobin Rote,120,2587.456866758916,21.5621405563243,0.425,0.14166666666666666,0.4583333333333333,0.6
297,Jeff Garcia,122,5608.755436743247,45.97340521920694,0.4918032786885246,0.13934426229508196,0.30327868852459017,0.5081967213114754
410,Len Dawson,167,6337.382251607338,37.948396716211604,0.592814371257485,0.1377245508982036,0.3532934131736527,0.5089820359281437
259,Greg Landry,99,3127.8656182564428,31.59460220461053,0.4444444444444444,0.13131313131313133,0.43434343434343436,0.5353535353535354
154,Daryle Lamonica,97,1597.4366719610334,16.468419298567355,0.7216494845360825,0.12371134020618557,0.25773195876288657,0.4742268041237113
659,Warren Moon,213,7358.03811255035,34.544779871128405,0.49295774647887325,0.11737089201877934,0.30985915492957744,0.4507042253521127
466,Milt Plum,104,1334.3277550826272,12.830074568102184,0.5384615384615384,0.10576923076923077,0.34615384615384615,0.41346153846153844
362,Johnny Lujack,19,489.95018024722935,25.78685159195944,0.6842105263157895,0.10526315789473684,0.5789473684210527,0.7894736842105263
522,Roman Gabriel,159,5356.367688806886,33.68784709941438,0.5408805031446541,0.10062893081761007,0.2389937106918239,0.4779874213836478
563,Sonny Jurgensen,147,6661.958398934747,45.31944489071256,0.46938775510204084,0.09523809523809523,0.41496598639455784,0.5578231292517006
29,Bert Jones,99,3107.116993843492,31.38502013983325,0.47474747474747475,0.09090909090909091,0.36363636363636365,0.46464646464646464
346,John Brodie,163,4545.522790262378,27.886642885045266,0.4662576687116564,0.0736196319018405,0.25153374233128833,0.3803680981595092
62,Bobby Layne,136,2653.4271132501626,19.510493479780607,0.6102941176470589,0.07352941176470588,0.4411764705882353,0.6470588235294118
78,Brian Sipe,113,2236.1966360050383,19.789350761106533,0.504424778761062,0.07079646017699115,0.23008849557522124,0.336283185840708
190,Don Meredith,87,1378.0305190109675,15.839431252999626,0.5517241379310345,0.06896551724137931,0.1839080459770115,0.27586206896551724
347,John Elway,252,7390.936083070136,29.32911144075451,0.6428571428571429,0.06746031746031746,0.2698412698412698,0.4246031746031746
231,Frankie Albert,30,461.5336445473762,15.384454818245873,0.43333333333333335,0.06666666666666667,0.2,0.8333333333333334
7,Al Dorow,45,187.3787418147179,4.163972040327065,0.4222222222222222,0.06666666666666667,0.17777777777777778,0.3111111111111111
247,George Blanda,107,-560.212156902213,-5.235627634600122,0.514018691588785,0.06542056074766354,0.12149532710280374,0.19626168224299065
422,Mark Rypien,85,2508.089834952927,29.50693923474032,0.611764705882353,0.058823529411764705,0.17647058823529413,0.36470588235294116
598,Terry Bradshaw,177,3872.642695439401,21.879337262369496,0.6836158192090396,0.05649717514124294,0.22598870056497175,0.4293785310734463
499,Randall Cunningham,144,4672.538106221831,32.44818129320716,0.5902777777777778,0.05555555555555555,0.22916666666666666,0.4236111111111111
577,Steve McNair,163,7023.630526099041,43.089757828828475,0.588957055214724,0.05521472392638037,0.2392638036809816,0.44171779141104295
543,Sammy Baugh,20,221.81455655458126,11.090727827729063,0.5,0.05,0.35,0.5
72,Brett Favre,322,13414.431180776424,41.65972416390194,0.6180124223602484,0.046583850931677016,0.2670807453416149,0.4751552795031056
41,Billy Wade,86,2210.1417786126844,25.69932300712424,0.47674418604651164,0.046511627906976744,0.3023255813953488,0.5465116279069767
26,Bart Starr,167,4364.797533374043,26.136512175892474,0.6167664670658682,0.041916167664670656,0.2275449101796407,0.48502994011976047
646,Troy Aikman,180,4484.329983514321,24.912944352857338,0.5833333333333334,0.03888888888888889,0.2611111111111111,0.3888888888888889
155,Daunte Culpepper,104,5013.871977005368,48.21030747120546,0.41346153846153844,0.038461538461538464,0.4230769230769231,0.5384615384615384
19,Archie Manning,139,1882.189752778547,13.540933473226957,0.2517985611510791,0.03597122302158273,0.19424460431654678,0.2949640287769784
252,George Shaw,31,-531.4168898105164,-17.142480316468273,0.3870967741935484,0.03225806451612903,0.06451612903225806,0.12903225806451613
67,Brad Johnson,132,2135.3586109803005,16.176959174093184,0.5757575757575758,0.030303030303030304,0.13636363636363635,0.19696969696969696
196,Donovan McNabb,176,6330.109135948031,35.9665291815229,0.6022727272727273,0.028409090909090908,0.23863636363636365,0.3977272727272727
238,Gary Hogeboom,37,-449.5702546005446,-12.150547421636341,0.4864864864864865,0.02702702702702703,0.05405405405405406,0.05405405405405406
383,Ken O'Brien,112,58.309285137401346,0.5206186172982263,0.44642857142857145,0.026785714285714284,0.08035714285714286,0.16071428571428573
178,Deshaun Watson,38,1224.0303367949343,32.21132465249827,0.631578947368421,0.02631578947368421,0.07894736842105263,0.2631578947368421
27,Ben Roethlisberger,237,6209.423852113449,26.2001006418289,0.6624472573839663,0.02531645569620253,0.18565400843881857,0.25316455696202533
98,Cam Newton,131,3029.1450770347524,23.123244862860705,0.5419847328244275,0.022900763358778626,0.061068702290076333,0.16793893129770993
342,Joe Theismann,132,3951.4909185629767,29.935537261840732,0.6287878787878788,0.022727272727272728,0.1590909090909091,0.36363636363636365
319,Jim Kelly,177,4068.08230780436,22.98351586330147,0.6214689265536724,0.022598870056497175,0.14124293785310735,0.2655367231638418
528,Russell Wilson,140,3582.2329126967534,25.587377947833954,0.6714285714285714,0.02142857142857143,0.10714285714285714,0.25
212,Ed Brown,97,-1038.051088584685,-10.701557614275103,0.5463917525773195,0.020618556701030927,0.10309278350515463,0.21649484536082475
441,Matt Ryan,198,8515.382462549049,43.00698213408611,0.5656565656565656,0.020202020202020204,0.16666666666666666,0.3888888888888889
523,Ron Jaworski,151,259.734811831555,1.7200980915997022,0.5099337748344371,0.019867549668874173,0.06622516556291391,0.11920529801324503
321,Jim McMahon,103,790.4229658287446,7.674009376978103,0.6796116504854369,0.019417475728155338,0.10679611650485436,0.1553398058252427
24,Babe Parilli,103,310.6015399183908,3.0155489312465127,0.4854368932038835,0.019417475728155338,0.1262135922330097,0.17475728155339806
476,Norm Van Brocklin,105,3163.1666827246095,30.125396978329615,0.6,0.01904761904761905,0.47619047619047616,0.780952380952381
314,Jim Everett,158,2669.7389227413128,16.89708178950198,0.4177215189873418,0.0189873417721519,0.13924050632911392,0.25949367088607594
54,Bob Griese,162,1958.8579095472548,12.091715491032437,0.6049382716049383,0.018518518518518517,0.07407407407407407,0.19753086419753085
350,John Hadl,168,1443.4903175341483,8.592204271036596,0.4880952380952381,0.017857142857142856,0.10119047619047619,0.20833333333333334
654,Vince Ferragamo,59,-445.5244566535286,-7.551261977178451,0.5084745762711864,0.01694915254237288,0.06779661016949153,0.1694915254237288
107,Charley Johnson,124,664.8255794132261,5.361496608171178,0.47580645161290325,0.016129032258064516,0.04838709677419355,0.13709677419354838
130,Colin Kaepernick,64,122.2754013487392,1.91055314607405,0.5,0.015625,0.046875,0.109375
165,David Garrard,78,726.8131355106793,9.318117121931786,0.5128205128205128,0.01282051282051282,0.01282051282051282,0.038461538461538464
433,Matt Hasselbeck,171,-947.3567324472189,-5.540097850568531,0.5263157894736842,0.011695906432748537,0.03508771929824561,0.08771929824561403
157,Dave Krieg,184,-86.9312569494929,-0.4724524834211571,0.5489130434782609,0.010869565217391304,0.043478260869565216,0.13043478260869565
100,Carson Palmer,185,3550.244353333984,19.190510018021534,0.5027027027027027,0.010810810810810811,0.16216216216216217,0.2648648648648649
14,Andrew Luck,94,2682.886479092062,28.54134552225598,0.6063829787234043,0.010638297872340425,0.1595744680851064,0.3191489361702128
152,Danny White,102,2243.041988178033,21.99060772723562,0.6568627450980392,0.00980392156862745,0.06862745098039216,0.30392156862745096
569,Steve Beuerlein,104,-1605.7693499971178,-15.440089903818441,0.46153846153846156,0.009615384615384616,0.04807692307692308,0.08653846153846154
291,Jay Schroeder,104,-1662.8958142681693,-15.989382829501627,0.6153846153846154,0.009615384615384616,0.009615384615384616,0.038461538461538464
273,Jack Kemp,111,-20.82929527474814,-0.1876513087815148,0.6036036036036037,0.009009009009009009,0.12612612612612611,0.26126126126126126
28,Bernie Kosar,115,1076.140585423708,9.357744221075722,0.48695652173913045,0.008695652173913044,0.06956521739130435,0.14782608695652175
39,Billy Kilmer,121,204.1514172346411,1.6872017953276124,0.5206611570247934,0.008264462809917356,0.049586776859504134,0.11570247933884298
339,Joe Namath,132,235.71832133947956,1.785744858632421,0.48484848484848486,0.007575757575757576,0.022727272727272728,0.08333333333333333
137,Craig Morton,154,-408.1801967410952,-2.6505207580590597,0.5584415584415584,0.006493506493506494,0.05194805194805195,0.05844155844155844
419,Mark Brunell,162,1116.984175259507,6.894964044811772,0.5185185185185185,0.006172839506172839,0.09259259259259259,0.17901234567901234
65,Boomer Esiason,178,3165.271090241376,17.78242185528863,0.46629213483146065,0.0056179775280898875,0.12359550561797752,0.2752808988764045
387,Kerry Collins,187,-3014.1421877793573,-16.118407421279986,0.44919786096256686,0.0053475935828877,0.016042780748663103,0.0481283422459893
656,Vinny Testaverde,219,636.3937648823569,2.905907602202543,0.4200913242009132,0.0045662100456621,0.1187214611872146,0.2054794520547945
495,Philip Rivers,234,7344.982972532204,31.388816121932496,0.5470085470085471,0.0,0.08974358974358974,0.2905982905982906
640,Tony Romo,133,5440.737010944299,40.907797074769164,0.6015037593984962,0.0,0.08270676691729323,0.3458646616541353
447,Michael Vick,118,3178.9399495876287,26.940169064301937,0.5338983050847458,0.0,0.03389830508474576,0.2288135593220339
444,Matthew Stafford,152,3000.825460101605,19.74227276382635,0.45394736842105265,0.0,0.046052631578947366,0.14473684210526316
393,Kirk Cousins,89,2649.7429910928563,29.7723931583467,0.4943820224719101,0.0,0.11235955056179775,0.30337078651685395
644,Trent Green,115,2528.6297271918165,21.988084584276667,0.48695652173913045,0.0,0.06956521739130435,0.2
442,Matt Schaub,95,2473.2734230867095,26.034457085123258,0.5052631578947369,0.0,0.010526315789473684,0.14736842105263157
106,Chad Pennington,87,1753.1682729266008,20.151359458926446,0.5287356321839081,0.0,0.034482758620689655,0.12643678160919541
575,Steve Grogan,138,1537.656145729679,11.142435838620862,0.5434782608695652,0.0,0.028985507246376812,0.09420289855072464
327,Jim Zorn,106,1357.3849356764133,12.80551826109824,0.41509433962264153,0.0,0.10377358490566038,0.27358490566037735
141,Dak Prescott,66,1345.3335240497297,20.383841273480755,0.6060606060606061,0.0,0.10606060606060606,0.2727272727272727
471,Neil Lomax,102,1311.9073659149196,12.861836920734506,0.46078431372549017,0.0,0.0392156862745098,0.20588235294117646
221,Elvis Grbac,73,1195.2707559035966,16.373571998679406,0.5616438356164384,0.0,0.0,0.1506849315068493
228,Frank Ryan,90,1189.814156574459,13.220157295271767,0.6444444444444445,0.0,0.05555555555555555,0.1111111111111111
299,Jeff Hostetler,88,1132.277581034355,12.866790693572216,0.625,0.0,0.06818181818181818,0.17045454545454544
60,Bobby Hebert,103,967.5277972059838,9.393473759281395,0.5436893203883495,0.0,0.02912621359223301,0.1262135922330097
75,Brian Griese,83,946.8473888938331,11.40779986619076,0.5421686746987951,0.0,0.04819277108433735,0.12048192771084337
572,Steve DeBerg,144,946.4071475282875,6.57227185783533,0.375,0.0,0.020833333333333332,0.13194444444444445
631,Tommy Kramer,114,922.6717389356292,8.093611745049378,0.49122807017543857,0.0,0.09649122807017543,0.18421052631578946
197,Doug Flutie,68,748.7005162472936,11.010301709519025,0.5588235294117647,0.0,0.04411764705882353,0.1323529411764706
519,Robert Griffin,41,651.6495566205044,15.893891624890351,0.36585365853658536,0.0,0.024390243902439025,0.17073170731707318
293,Jeff Blake,100,553.2463270862584,5.532463270862584,0.39,0.0,0.02,0.08
59,Bobby Douglass,53,444.75767182255447,8.391654185331216,0.3018867924528302,0.0,0.09433962264150944,0.3018867924528302
177,Derek Carr,93,436.0821514201367,4.689055391614374,0.41935483870967744,0.0,0.0,0.03225806451612903
224,Erik Kramer,70,433.85254097523205,6.1978934425033145,0.45714285714285713,0.0,0.08571428571428572,0.15714285714285714
46,Bob Berry,52,414.04578558394945,7.962418953537489,0.38461538461538464,0.0,0.038461538461538464,0.19230769230769232
237,Gary Danielson,61,413.0962214748139,6.772069204505145,0.45901639344262296,0.0,0.03278688524590164,0.04918032786885246
2,Aaron Brooks,92,401.2909355952346,4.361857995600376,0.42391304347826086,0.0,0.0,0.05434782608695652
101,Carson Wentz,55,365.0548179764372,6.6373603268443135,0.5636363636363636,0.0,0.0,0.01818181818181818
570,Steve Bono,43,326.88662099388296,7.602014441718208,0.6511627906976745,0.0,0.023255813953488372,0.23255813953488372
394,Kordell Stewart,86,314.7640343878155,3.660046911486227,0.5813953488372093,0.0,0.023255813953488372,0.10465116279069768
315,Jim Finks,46,312.9338430750772,6.802909632066896,0.41304347826086957,0.0,0.06521739130434782,0.41304347826086957
211,Earl Morrall,107,237.57531782651455,2.220330073144996,0.6261682242990654,0.0,0.028037383177570093,0.1308411214953271
657,Virgil Carter,31,146.62091851412697,4.729707048842806,0.5161290322580645,0.0,0.0,0.16129032258064516
283,James Harris,44,128.39759219774663,2.9181270954033325,0.5909090909090909,0.0,0.022727272727272728,0.045454545454545456
655,Vince Young,51,100.51333801665685,1.9708497650324872,0.6078431372549019,0.0,0.0,0.0
93,Butch Songin,20,84.07181478259568,4.203590739129784,0.4,0.0,0.05,0.2
215,Ed Rubbert,3,74.71198575226981,24.903995250756605,1.0,0.0,0.0,0.6666666666666666
56,Bob Waterfield,24,60.950276238370336,2.5395948432654305,0.625,0.0,0.20833333333333334,0.5416666666666666
550,Scott Mitchell,73,38.99905012035085,0.5342335632924774,0.4383561643835616,0.0,0.0136986301369863,0.1232876712328767
335,Joe Geri,11,38.00180138387326,3.4547092167157505,0.5454545454545454,0.0,0.09090909090909091,0.45454545454545453
453,Mike Hohensee,2,26.326787825202153,13.163393912601077,1.0,0.0,0.0,0.0
606,Tim Tebow,16,18.155904139949314,1.1347440087468321,0.5625,0.0,0.0,0.0
454,Mike Kelley,1,9.928124068174943,9.928124068174943,1.0,0.0,0.0,0.0
295,Jeff Christensen,2,9.69544378586916,4.84772189293458,0.5,0.0,0.0,0.0
10,Alan Risher,3,6.706454349404698,2.235484783134899,0.6666666666666666,0.0,0.0,0.0
552,Scott Tinsley,3,4.522485501117206,1.5074951670390686,0.0,0.0,0.0,0.0
108,Charley Trippi,17,3.5542410076699795,0.20907300045117527,0.29411764705882354,0.0,0.0,0.4117647058823529
71,Brent Pease,3,2.069360572204193,0.6897868574013977,0.6666666666666666,0.0,0.0,0.0
348,John Fourcade,11,0.4487901856663399,0.04079910778784908,0.6363636363636364,0.0,0.0,0.0
544,Sammy Garza,1,-1.2984489167743494,-1.2984489167743494,0.0,0.0,0.0,0.0
145,Dan Manucci,1,-2.7154178143025955,-2.7154178143025955,0.0,0.0,0.0,0.0
311,Jim Crocicchia,1,-4.848033562564498,-4.848033562564498,0.0,0.0,0.0,0.0
568,Steve Bartkowski,131,-6.756592698838169,-0.051577043502581445,0.4580152671755725,0.0,0.015267175572519083,0.1450381679389313
198,Doug Hudson,1,-8.324825683552952,-8.324825683552952,0.0,0.0,0.0,0.0
4,Adrian Breen,1,-8.461587866773797,-8.461587866773797,0.0,0.0,0.0,0.0
263,Harry Gilmer,10,-10.211283770628617,-1.0211283770628616,0.0,0.0,0.0,0.0
181,Dick Jamieson,1,-11.484,-11.484,1.0,0.0,0.0,0.0
443,Matt Stevens,2,-12.321730178813553,-6.1608650894067765,0.0,0.0,0.0,0.0
52,Bob Gage,2,-13.167676154324994,-6.583838077162497,0.5,0.0,0.0,0.0
434,Matt Kofler,1,-14.793361822582199,-14.793361822582199,0.0,0.0,0.0,0.0
304,Jeff Van Raaphorst,1,-17.132724092759553,-17.132724092759553,0.0,0.0,0.0,0.0
382,Ken Karcher,3,-17.297212198896627,-5.765737399632209,0.6666666666666666,0.0,0.0,0.0
313,Jim Druckenmiller,1,-22.11187492910549,-22.11187492910549,1.0,0.0,0.0,0.0
310,Jim Cason,1,-22.704327792424742,-22.704327792424742,1.0,0.0,0.0,0.0
214,Ed Mioduszewski,1,-22.7350845461751,-22.7350845461751,0.0,0.0,0.0,0.0
665,Willie Totten,1,-23.39787759188055,-23.39787759188055,0.0,0.0,0.0,0.0
33,Bill Munson,66,-25.351317612304697,-0.38411087291370755,0.4090909090909091,0.0,0.0,0.045454545454545456
507,Ray Mathews,1,-26.622008215905296,-26.622008215905296,0.0,0.0,0.0,0.0
192,Don Panciera,1,-27.443523460597202,-27.443523460597202,0.0,0.0,0.0,0.0
334,Joe Gasparella,3,-27.747361487196446,-9.249120495732148,0.3333333333333333,0.0,0.0,0.0
530,Rusty Lisch,1,-28.3899262591395,-28.3899262591395,0.0,0.0,0.0,0.0
96,Cade McNown,15,-29.854239065773314,-1.9902826043848876,0.2,0.0,0.0,0.0
451,Mike Busch,1,-30.267438741518546,-30.267438741518546,0.0,0.0,0.0,0.0
47,Bob Bleier,2,-31.770940049584556,-15.885470024792278,0.5,0.0,0.0,0.0
567,Stephen McGee,1,-32.99661456963298,-32.99661456963298,1.0,0.0,0.0,0.0
160,Dave Walter,2,-34.0619357020404,-17.0309678510202,0.5,0.0,0.0,0.0
225,Erik Wilhelm,1,-34.26120056263245,-34.26120056263245,0.0,0.0,0.0,0.0
562,Shawn Halloran,2,-35.3642103660186,-17.6821051830093,0.5,0.0,0.0,0.0
34,Bill Musgrave,1,-36.126023214342595,-36.126023214342595,0.0,0.0,0.0,0.0
77,Brian McClure,1,-37.92262828733115,-37.92262828733115,1.0,0.0,0.0,0.0
579,Steve Pelluer,30,-38.78790248097901,-1.2929300826993002,0.3,0.0,0.0,0.03333333333333333
360,John Witkowski,1,-39.7409520851937,-39.7409520851937,0.0,0.0,0.0,0.0
516,Rick Neuheisel,2,-39.999271067489246,-19.999635533744623,1.0,0.0,0.0,0.0
287,Jason Campbell,79,-40.453223735799625,-0.51206612323797,0.4050632911392405,0.0,0.0,0.0
576,Steve Matthews,1,-41.44336433429938,-41.44336433429938,1.0,0.0,0.0,0.0
613,Todd Hons,3,-44.2120978181124,-14.737365939370799,0.3333333333333333,0.0,0.0,0.0
102,Cary Conklin,2,-44.725162503855884,-22.362581251927942,0.0,0.0,0.0,0.0
571,Steve Bradley,1,-45.21149235397904,-45.21149235397904,0.0,0.0,0.0,0.0
325,Jim Powers,2,-45.33126675359403,-22.665633376797015,0.5,0.0,0.0,0.0
509,Reggie Collier,1,-48.5198129172537,-48.5198129172537,0.0,0.0,0.0,0.0
333,Joe Francis,1,-50.38880367955501,-50.38880367955501,0.0,0.0,0.0,0.0
20,Arnie Galiffa,1,-51.711392608458,-51.711392608458,0.0,0.0,0.0,0.0
289,Jay Cutler,155,-52.02799364978537,-0.3356644751599056,0.4838709677419355,0.0,0.03870967741935484,0.10967741935483871
123,Cliff Olander,1,-53.88810542816251,-53.88810542816251,1.0,0.0,0.0,0.0
478,Ogden Compton,1,-54.31340893640474,-54.31340893640474,0.0,0.0,0.0,0.0
49,Bob Celeri,11,-58.62042794562551,-5.329129813238683,0.09090909090909091,0.0,0.0,0.0
638,Tony Eason,56,-59.05718793275042,-1.0545926416562577,0.5535714285714286,0.0,0.03571428571428571,0.17857142857142858
256,Glenn Carano,1,-59.12344894930649,-59.12344894930649,1.0,0.0,0.0,0.0
243,Gary Lane,1,-59.187542853664496,-59.187542853664496,0.0,0.0,0.0,0.0
481,Parnell Dickinson,1,-60.50651564196195,-60.50651564196195,0.0,0.0,0.0,0.0
426,Marques Tuiasosopo,2,-60.532813488906015,-30.266406744453008,0.0,0.0,0.0,0.0
268,J.J. Jones,1,-63.00726290491049,-63.00726290491049,0.0,0.0,0.0,0.0
48,Bob Brodhead,1,-63.471574788306306,-63.471574788306306,1.0,0.0,0.0,0.0
450,Mike Buck,1,-63.9989373484263,-63.9989373484263,0.0,0.0,0.0,0.0
641,Travis Tidwell,4,-64.07356980870779,-16.018392452176947,0.75,0.0,0.0,0.0
210,Eagle Day,1,-64.13405234463481,-64.13405234463481,0.0,0.0,0.0,0.0
623,Tom Landry,1,-65.03522704918964,-65.03522704918964,0.0,0.0,0.0,0.0
400,Kyle Mackey,4,-65.797548911126,-16.4493872277815,0.25,0.0,0.0,0.0
556,Sean Mannion,1,-66.80374200019737,-66.80374200019737,0.0,0.0,0.0,0.0
437,Matt Mauck,1,-69.92123578518705,-69.92123578518705,0.0,0.0,0.0,0.0
125,Clint Longley,2,-70.10440262080365,-35.05220131040183,1.0,0.0,0.0,0.0
191,Don Milan,1,-71.99251126067715,-71.99251126067715,0.0,0.0,0.0,0.0
166,David Humm,1,-72.30144559865039,-72.30144559865039,0.0,0.0,0.0,0.0
492,Peter Tom Willis,3,-72.41018289657899,-24.136727632192997,0.0,0.0,0.0,0.0
229,Frank Seurer,2,-73.77977812654186,-36.88988906327093,0.0,0.0,0.0,0.0
502,Randy Fasani,1,-74.29888029456751,-74.29888029456751,0.0,0.0,0.0,0.0
286,Jarious Jackson,1,-75.4322369480625,-75.4322369480625,0.0,0.0,0.0,0.0
411,Leo Hart,1,-77.71553719747125,-77.71553719747125,0.0,0.0,0.0,0.0
352,John Hufnagel,1,-78.534121229124,-78.534121229124,0.0,0.0,0.0,0.0
435,Matt Leinart,18,-78.88248258254876,-4.382360143474931,0.4444444444444444,0.0,0.0,0.0
261,Guido Merkens,1,-80.153446009593,-80.153446009593,0.0,0.0,0.0,0.0
351,John Huarte,1,-81.02610502172999,-81.02610502172999,0.0,0.0,0.0,0.0
662,Will Cureton,1,-82.14675987010514,-82.14675987010514,0.0,0.0,0.0,0.0
205,Drew Henson,1,-84.6734869759614,-84.6734869759614,1.0,0.0,0.0,0.0
600,Terry Luck,1,-86.03151254901806,-86.03151254901806,0.0,0.0,0.0,0.0
508,Ray Nagel,2,-86.39987428207886,-43.19993714103943,0.0,0.0,0.0,0.0
159,Dave Ragone,2,-87.48039197578888,-43.74019598789444,0.0,0.0,0.0,0.0
597,Terry Baker,1,-87.8706416761173,-87.8706416761173,0.0,0.0,0.0,0.0
548,Scott Covington,1,-88.24122910492692,-88.24122910492692,1.0,0.0,0.0,0.0
622,Tom Kennedy,1,-88.33422338161739,-88.33422338161739,0.0,0.0,0.0,0.0
436,Matt Lytle,1,-89.8672166811606,-89.8672166811606,0.0,0.0,0.0,0.0
168,David Norrie,2,-90.71406227542725,-45.357031137713626,0.0,0.0,0.0,0.0
80,Brock Berlin,1,-91.3514560427391,-91.3514560427391,0.0,0.0,0.0,0.0
555,Scotty Glacken,1,-92.08131573203309,-92.08131573203309,0.0,0.0,0.0,0.0
81,Brock Huard,4,-92.68372304265199,-23.170930760662998,0.0,0.0,0.0,0.0
74,Brian Brohm,2,-94.99845865809746,-47.49922932904873,0.0,0.0,0.0,0.0
524,Ron Miller,1,-95.78820142945351,-95.78820142945351,0.0,0.0,0.0,0.0
648,Turk Schonert,12,-97.15460151015594,-8.096216792512996,0.5833333333333334,0.0,0.0,0.0
79,Brian St. Pierre,1,-97.19664423168646,-97.19664423168646,0.0,0.0,0.0,0.0
186,Don Gault,1,-97.47814014295665,-97.47814014295665,1.0,0.0,0.0,0.0
265,Henry Burris,1,-97.4982041280885,-97.4982041280885,0.0,0.0,0.0,0.0
583,Steve Sloan,1,-98.300865019203,-98.300865019203,0.0,0.0,0.0,0.0
458,Mike Loyd,1,-99.485622073431,-99.485622073431,0.0,0.0,0.0,0.0
32,Bill Mackrides,3,-103.0322474402704,-34.34408248009013,0.6666666666666666,0.0,0.0,0.0
132,Connor Cook,1,-103.98511351834651,-103.98511351834651,0.0,0.0,0.0,0.0
94,Byron Leftwich,51,-104.42902033973463,-2.0476278497987184,0.47058823529411764,0.0,0.0,0.0196078431372549
620,Tom Greene,2,-105.07673625236899,-52.538368126184494,0.5,0.0,0.0,0.0
531,Rusty Smith,1,-106.49930769574799,-106.49930769574799,0.0,0.0,0.0,0.0
58,Bob Williams,7,-107.16274456729377,-15.308963509613395,0.42857142857142855,0.0,0.0,0.0
354,John Navarre,1,-107.7888830704257,-107.7888830704257,0.0,0.0,0.0,0.0
253,George Taliaferro,4,-109.23949181822691,-27.309872954556727,0.0,0.0,0.0,0.0
664,Will Grier,1,-109.2974382638065,-109.2974382638065,0.0,0.0,0.0,0.0
663,Will Furrer,2,-109.3646932911951,-54.68234664559755,0.0,0.0,0.0,0.0
501,Randy Duncan,2,-110.20458129537285,-55.102290647686424,0.5,0.0,0.0,0.0
596,Terrelle Pryor,10,-112.45998032479203,-11.245998032479203,0.3,0.0,0.0,0.0
355,John Rauch,3,-114.26091509858645,-38.08697169952882,0.0,0.0,0.0,0.0
388,Kevin Hogan,1,-114.69707911157923,-114.69707911157923,0.0,0.0,0.0,0.0
50,Bob Clatterbuck,4,-118.03793443316657,-29.509483608291642,0.5,0.0,0.0,0.0
200,Doug Nussmeier,2,-118.37544284695142,-59.18772142347571,0.0,0.0,0.0,0.0
618,Tom Flick,3,-119.54040711288555,-39.846802370961846,0.3333333333333333,0.0,0.0,0.0
658,Wade Wilson,74,-119.82716149588418,-1.6192859661605972,0.5135135135135135,0.0,0.013513513513513514,0.13513513513513514
260,Greg McElroy,1,-119.92515670636048,-119.92515670636048,0.0,0.0,0.0,0.0
13,Andre Ware,6,-120.33703272154656,-20.05617212025776,0.5,0.0,0.0,0.0
303,Jeff Tuel,1,-129.98592835503,-129.98592835503,0.0,0.0,0.0,0.0
121,Chuck Ortmann,8,-130.5600667517007,-16.320008343962588,0.125,0.0,0.0,0.0
43,Blair Kiel,3,-132.0073462482677,-44.00244874942257,0.0,0.0,0.0,0.0
219,Eddie Wilson,2,-134.118776770044,-67.059388385022,0.0,0.0,0.0,0.0
227,Frank Reich,22,-134.20700339003213,-6.1003183359105515,0.3181818181818182,0.0,0.0,0.09090909090909091
630,Tom Yewcic,5,-134.90227480910232,-26.980454961820463,0.6,0.0,0.0,0.0
110,Charlie Conerly,93,-135.38914660061704,-1.455797275275452,0.6344086021505376,0.0,0.053763440860215055,0.24731182795698925
133,Connor Shaw,1,-137.36603853622648,-137.36603853622648,0.0,0.0,0.0,0.0
455,Mike Kirkland,2,-139.3239983775915,-69.66199918879575,0.0,0.0,0.0,0.0
390,Kevin Sweeney,4,-140.53551584874944,-35.13387896218736,0.5,0.0,0.0,0.0
87,Bruce Lemmerman,2,-141.2321322425475,-70.61606612127375,0.0,0.0,0.0,0.0
402,Kyler Murray,15,-145.35989572182044,-9.69065971478803,0.3333333333333333,0.0,0.0,0.0
309,Jesse Palmer,3,-146.45928004084737,-48.81976001361579,0.0,0.0,0.0,0.0
593,Taylor Heinicke,1,-150.659305539072,-150.659305539072,0.0,0.0,0.0,0.0
500,Randy Dean,3,-151.3136744503857,-50.4378914834619,0.3333333333333333,0.0,0.0,0.0
624,Tom Matte,2,-153.29891370908234,-76.64945685454117,0.5,0.0,0.0,0.5
174,Dennis Morrison,2,-154.04846465434798,-77.02423232717399,0.0,0.0,0.0,0.0
57,Bob Waters,2,-155.55289372507337,-77.77644686253669,0.0,0.0,0.0,0.0
267,Hunter Enis,3,-156.18964877201398,-52.06321625733799,0.6666666666666666,0.0,0.0,0.0
470,Neil Graff,2,-156.35005703293018,-78.17502851646509,0.0,0.0,0.0,0.0
258,Greg Cook,11,-156.86916590672507,-14.260833264247735,0.36363636363636365,0.0,0.0,0.0
617,Tom Dublinski,5,-159.01495253437497,-31.802990506874995,0.8,0.0,0.0,0.0
513,Richie Lucas,3,-160.63783102866674,-53.545943676222244,0.3333333333333333,0.0,0.0,0.0
407,Larry Lawrence,2,-162.50011450522015,-81.25005725261008,1.0,0.0,0.0,0.0
479,Oliver Luck,9,-164.6256062391697,-18.291734026574414,0.3333333333333333,0.0,0.0,0.0
173,Dennis Dixon,3,-169.96939804220304,-56.65646601406768,0.6666666666666666,0.0,0.0,0.0
424,Mark Vlasic,4,-170.36772276960954,-42.591930692402386,0.5,0.0,0.0,0.0
294,Jeff Carlson,3,-174.6154250182813,-58.205141672760426,0.0,0.0,0.0,0.0
551,Scott Secules,4,-175.5397945175124,-43.8849486293781,0.0,0.0,0.0,0.0
129,Cody Pickett,2,-176.5400680262769,-88.27003401313846,0.0,0.0,0.0,0.0
594,Ted Marchibroda,11,-177.3750832948579,-16.125007572259808,0.36363636363636365,0.0,0.0,0.18181818181818182
66,Brad Goebel,2,-180.00578205427456,-90.00289102713728,0.0,0.0,0.0,0.0
240,Gary Keithley,3,-180.75132973215875,-60.25044324405292,0.3333333333333333,0.0,0.0,0.0
608,Timm Rosenbach,20,-187.4126754180286,-9.370633770901431,0.25,0.0,0.0,0.0
206,Drew Lock,4,-188.21151306602115,-47.05287826650529,0.75,0.0,0.0,0.0
126,Clint Stoerner,2,-192.34131842273368,-96.17065921136684,0.5,0.0,0.0,0.0
185,Don Breaux,2,-192.9582188371259,-96.47910941856296,0.0,0.0,0.0,0.5
17,Anthony Dilweg,7,-195.4599575763973,-27.922851082342472,0.2857142857142857,0.0,0.0,0.0
216,Ed Rutkowski,3,-198.06551680336082,-66.02183893445361,0.0,0.0,0.0,0.0
425,Marlin Briscoe,5,-200.75451409781888,-40.150902819563775,0.4,0.0,0.0,0.0
558,Seneca Wallace,22,-206.5902485358805,-9.390465842540022,0.2727272727272727,0.0,0.0,0.0
248,George Herring,3,-206.74760046609526,-68.91586682203176,0.0,0.0,0.0,0.0
406,Larry Cipa,3,-208.18091550345963,-69.3936385011532,0.3333333333333333,0.0,0.0,0.0
64,Bobby Thomason,44,-209.2799335050372,-4.756362125114482,0.4090909090909091,0.0,0.11363636363636363,0.3181818181818182
635,Tommy Wade,2,-209.6517537807706,-104.8258768903853,0.0,0.0,0.0,0.0
477,Norris Weese,7,-210.2082428349667,-30.029748976423814,0.7142857142857143,0.0,0.0,0.0
634,Tommy Thompson,12,-210.79116992069592,-17.56593082672466,0.5,0.0,0.0,0.0
172,Dennis Claridge,3,-213.8061586728746,-71.26871955762486,0.0,0.0,0.0,0.0
242,Gary Kubiak,5,-218.7262087402171,-43.74524174804342,0.6,0.0,0.0,0.0
460,Mike Moroski,9,-220.46460309932687,-24.496067011036317,0.3333333333333333,0.0,0.0,0.0
343,Joe Webb,3,-220.53800455032382,-73.51266818344128,0.3333333333333333,0.0,0.0,0.0
233,Gale Gilbert,4,-223.87888403072841,-55.969721007682104,0.0,0.0,0.0,0.0
409,Lee Grosscup,4,-225.71391386039855,-56.42847846509964,0.25,0.0,0.0,0.0
615,Todd Philcox,5,-229.34843615443796,-45.86968723088759,0.4,0.0,0.0,0.0
21,Art Schlichter,6,-231.3286231734852,-38.5547705289142,0.0,0.0,0.0,0.0
99,Carlos Brown,3,-233.82427102188166,-77.94142367396056,0.0,0.0,0.0,0.0
147,Dan McGwire,5,-238.52596427917123,-47.70519285583425,0.4,0.0,0.0,0.0
158,Dave Mays,4,-241.89910202560077,-60.47477550640019,0.25,0.0,0.0,0.0
578,Steve Myer,4,-243.3967487711815,-60.84918719279538,0.25,0.0,0.0,0.0
374,Kay Stephenson,3,-244.5803684250409,-81.52678947501363,0.0,0.0,0.0,0.0
292,Jeb Blount,4,-246.29395967387475,-61.57348991846869,0.0,0.0,0.0,0.0
180,Dewey Warren,4,-247.14767678251462,-61.786919195628656,0.0,0.0,0.0,0.25
40,Billy Volek,10,-248.42197016001808,-24.84219701600181,0.3,0.0,0.0,0.0
542,Sam Wyche,9,-257.1548276342413,-28.57275862602681,0.2222222222222222,0.0,0.0,0.0
614,Todd Marinovich,9,-257.1806769184892,-28.575630768721023,0.3333333333333333,0.0,0.0,0.0
138,Craig Penrose,4,-257.76179361474715,-64.44044840368679,0.75,0.0,0.0,0.0
366,Jonathan Quinn,6,-258.856670375191,-43.14277839586517,0.16666666666666666,0.0,0.0,0.0
564,Spergon Wynn,3,-261.06801716667536,-87.02267238889179,0.0,0.0,0.0,0.0
9,Alan Pastrana,3,-261.54259138988806,-87.18086379662935,0.0,0.0,0.0,0.0
317,Jim Hardy,13,-262.45842404880284,-20.189109542215604,0.3076923076923077,0.0,0.0,0.0
468,Moses Moreno,3,-264.0029703701768,-88.00099012339227,0.0,0.0,0.0,0.0
150,Daniel Jones,11,-264.1223653382415,-24.011124121658316,0.2727272727272727,0.0,0.0,0.0
329,Jimmy Garoppolo,25,-267.9566759753453,-10.718267039013814,0.8,0.0,0.0,0.0
580,Steve Pisarkiewicz,4,-269.1779165898471,-67.29447914746177,0.5,0.0,0.0,0.0
241,Gary Kerkorian,10,-279.37673335337314,-27.937673335337315,0.3,0.0,0.0,0.0
626,Tom Ramsey,5,-280.35559462782203,-56.071118925564406,0.4,0.0,0.0,0.0
589,Stoney Case,6,-281.37703906118395,-46.89617317686399,0.5,0.0,0.0,0.0
213,Ed Luther,9,-281.50517149559465,-31.278352388399405,0.2222222222222222,0.0,0.0,0.0
377,Kellen Moore,2,-281.9930922270795,-140.99654611353975,0.0,0.0,0.0,0.0
484,Pat Sullivan,4,-285.31228497201295,-71.32807124300324,0.0,0.0,0.0,0.0
527,Rudy Bukich,41,-285.89575589329905,-6.973067216909733,0.5121951219512195,0.0,0.0,0.0975609756097561
30,Bill Demory,3,-286.0012253020956,-95.3337417673652,0.3333333333333333,0.0,0.0,0.0
396,Kurt Kittner,4,-291.01319071609623,-72.75329767902406,0.25,0.0,0.0,0.0
532,Ryan Finley,3,-291.6093204022465,-97.20310680074884,0.0,0.0,0.0,0.0
288,Jason Garrett,9,-292.8991570721991,-32.5443507857999,0.6666666666666666,0.0,0.0,0.0
497,Quinn Gray,4,-293.2647288248746,-73.31618220621866,0.5,0.0,0.0,0.0
320,Jim LeClair,4,-297.2879830829205,-74.32199577073013,0.0,0.0,0.0,0.0
489,Paxton Lynch,4,-299.4632890739489,-74.86582226848722,0.25,0.0,0.0,0.0
408,Larry Rakestraw,4,-299.8323407653387,-74.95808519133467,0.0,0.0,0.0,0.0
234,Galen Hall,3,-302.13664698600667,-100.71221566200222,0.0,0.0,0.0,0.0
412,Luke Falk,2,-304.18852147890925,-152.09426073945463,0.0,0.0,0.0,0.0
250,George Mira,8,-304.9673146859122,-38.12091433573902,0.625,0.0,0.0,0.0
661,Wayne Clark,5,-305.8689242651644,-61.173784853032885,0.2,0.0,0.0,0.0
5,Adrian Burk,42,-308.05199205857764,-7.334571239489944,0.35714285714285715,0.0,0.0,0.23809523809523808
330,Joe Dufek,5,-309.4724887140843,-61.89449774281686,0.2,0.0,0.0,0.0
326,Jim Root,8,-309.88426662303925,-38.73553332787991,0.125,0.0,0.0,0.0
318,Jim Hart,181,-310.89378054284657,-1.717645196369318,0.48066298342541436,0.0,0.016574585635359115,0.11049723756906077
232,Fred Enke,9,-310.9366628598427,-34.54851809553808,0.3333333333333333,0.0,0.0,0.0
415,M.C. Reynolds,9,-310.9432172048032,-34.54924635608924,0.3333333333333333,0.0,0.0,0.0
116,Chris Redman,12,-311.1277384347417,-25.927311536228473,0.3333333333333333,0.0,0.0,0.0
619,Tom Flores,68,-319.6287199282651,-4.700422351886252,0.45588235294117646,0.0,0.04411764705882353,0.10294117647058823
416,Marc Bulger,98,-323.8541652596092,-3.3046343393837674,0.42857142857142855,0.0,0.04081632653061224,0.16326530612244897
395,Koy Detmer,9,-326.1367081128931,-36.23741201254367,0.4444444444444444,0.0,0.0,0.0
345,John Beck,7,-329.25714378848824,-47.03673482692689,0.0,0.0,0.0,0.0
456,Mike Kruczek,7,-330.1612260662931,-47.16588943804187,0.8571428571428571,0.0,0.0,0.0
91,Bucky Richardson,4,-335.7841236668332,-83.9460309167083,0.25,0.0,0.0,0.0
514,Rick Arrington,5,-337.3524845930583,-67.47049691861166,0.2,0.0,0.0,0.0
538,Sage Rosenfels,12,-339.0036858871135,-28.250307157259456,0.5,0.0,0.0,0.0
463,Mike Rae,8,-340.35143978038667,-42.543929972548334,0.5,0.0,0.0,0.0
607,Tim Van Galder,5,-341.33628938927893,-68.26725787785578,0.2,0.0,0.0,0.0
482,Pat Haden,60,-343.123471114279,-5.718724518571317,0.6166666666666667,0.0,0.016666666666666666,0.06666666666666667
88,Bruce Mathison,9,-345.2513552886182,-38.361261698735355,0.2222222222222222,0.0,0.0,0.0
503,Randy Hedberg,4,-353.1994209749979,-88.29985524374948,0.0,0.0,0.0,0.0
189,Don Majkowski,57,-356.7662422697071,-6.259056881924686,0.45614035087719296,0.0,0.017543859649122806,0.12280701754385964
611,Todd Bouman,7,-362.3750073283362,-51.767858189762315,0.14285714285714285,0.0,0.0,0.0
372,June Jones,5,-363.304371717939,-72.66087434358779,0.2,0.0,0.0,0.0
69,Brandon Allen,3,-363.5424993038516,-121.18083310128388,0.3333333333333333,0.0,0.0,0.0
127,Cody Carlson,20,-365.98167347267565,-18.29908367363378,0.55,0.0,0.0,0.0
554,Scott Zolak,8,-368.1630299519221,-46.020378743990264,0.375,0.0,0.0,0.0
308,Jesse Freitas,7,-369.43875776105097,-52.776965394435855,0.2857142857142857,0.0,0.0,0.0
195,Donald Hollas,8,-369.87582025709514,-46.23447753213689,0.5,0.0,0.0,0.0
639,Tony Graziani,5,-381.86608370568734,-76.37321674113747,0.4,0.0,0.0,0.0
446,Max Hall,3,-382.81822911316146,-127.60607637105382,0.3333333333333333,0.0,0.0,0.0
582,Steve Romanik,14,-384.4775835389437,-27.462684538495978,0.42857142857142855,0.0,0.0,0.0
83,Brodie Croyle,10,-385.81235827640097,-38.5812358276401,0.0,0.0,0.0,0.0
92,Buddy Humphrey,5,-386.08185111951735,-77.21637022390347,0.0,0.0,0.0,0.0
636,Tony Adams,10,-387.03112282205495,-38.703112282205495,0.1,0.0,0.0,0.0
223,Eric Zeier,12,-389.76528921750224,-32.480440768125185,0.3333333333333333,0.0,0.0,0.0
300,Jeff Kemp,30,-391.47705898589504,-13.049235299529835,0.5333333333333333,0.0,0.06666666666666667,0.1
506,Ray Lucas,15,-392.2748057419341,-26.151653716128937,0.5333333333333333,0.0,0.0,0.0
359,John Stofa,9,-394.58724169157375,-43.8430268546193,0.4444444444444444,0.0,0.0,0.0
1,A.J. McCarron,4,-397.65272028525453,-99.41318007131363,0.5,0.0,0.0,0.0
405,Landry Jones,5,-398.19593081334324,-79.63918616266865,0.6,0.0,0.0,0.0
585,Steve Stenstrom,10,-404.34358026467646,-40.43435802646765,0.1,0.0,0.0,0.0
217,Edd Hargett,8,-406.418738107882,-50.80234226348525,0.125,0.0,0.0,0.0
306,Jerry Rhome,7,-408.1816122237521,-58.31165888910744,0.14285714285714285,0.0,0.0,0.0
526,Ron Vander Kelen,5,-412.93872284929273,-82.58774456985854,0.2,0.0,0.0,0.0
336,Joe Gilliam,7,-413.71458891509104,-59.10208413072729,0.5714285714285714,0.0,0.0,0.0
375,Keith Null,4,-418.5244724850997,-104.63111812127492,0.0,0.0,0.0,0.0
449,Mike Boryla,19,-431.2797424602932,-22.698933813699643,0.42105263157894735,0.0,0.0,0.0
312,Jim Del Gaizo,5,-438.37860901591876,-87.67572180318375,0.2,0.0,0.0,0.0
518,Rob Johnson,30,-439.5864231667059,-14.652880772223531,0.4,0.0,0.0,0.0
604,Tim Hasselbeck,5,-440.71697696318836,-88.14339539263767,0.2,0.0,0.0,0.0
647,Troy Smith,8,-441.9750804731856,-55.2468850591482,0.5,0.0,0.0,0.0
546,Scott Bull,7,-444.66070627317845,-63.52295803902549,0.42857142857142855,0.0,0.0,0.0
428,Mason Rudolph,8,-446.22350115993163,-55.777937644991454,0.625,0.0,0.0,0.0
590,T.J. Rubley,7,-452.30373648121497,-64.61481949731642,0.2857142857142857,0.0,0.0,0.0
255,Gifford Nielsen,15,-453.3546246484843,-30.223641643232284,0.26666666666666666,0.0,0.0,0.0
445,Max Choboian,7,-453.50555380569415,-64.78650768652774,0.42857142857142855,0.0,0.0,0.0
23,Babe Laufenberg,7,-453.56971717395317,-64.79567388199331,0.2857142857142857,0.0,0.0,0.0
194,Don Trull,18,-459.28484982797835,-25.515824990443242,0.2222222222222222,0.0,0.0,0.0
254,George Wilson,7,-465.9867882056615,-66.56954117223736,0.2857142857142857,0.0,0.0,0.0
136,Craig Krenzel,5,-466.13390764243223,-93.22678152848644,0.6,0.0,0.0,0.0
651,Tyler Thigpen,12,-469.5975089124683,-39.133125742705694,0.08333333333333333,0.0,0.0,0.0
650,Tyler Palko,4,-469.6912193754191,-117.42280484385478,0.25,0.0,0.0,0.0
245,Gary Wood,9,-471.9114379909722,-52.43460422121913,0.1111111111111111,0.0,0.0,0.0
368,Josh Freeman,61,-480.2596711865315,-7.873109363713631,0.4098360655737705,0.0,0.0,0.0
148,Dan Orlovsky,12,-481.1460308196069,-40.095502568300574,0.16666666666666666,0.0,0.0,0.0
420,Mark Herrmann,12,-481.8725727405223,-40.156047728376855,0.25,0.0,0.0,0.0
487,Paul Justin,10,-483.07482561882375,-48.307482561882374,0.3,0.0,0.0,0.0
202,Doug Williams,88,-484.63984829378524,-5.507271003338468,0.4772727272727273,0.0,0.03409090909090909,0.125
193,Don Strock,23,-486.74979768325016,-21.163034681880443,0.6956521739130435,0.0,0.0,0.043478260869565216
122,Cleo Lemon,8,-490.2463015542873,-61.28078769428591,0.125,0.0,0.0,0.0
163,David Blough,4,-495.6371867967217,-123.90929669918043,0.0,0.0,0.0,0.0
249,George Izo,6,-497.13477620630795,-82.85579603438465,0.5,0.0,0.0,0.0
413,Luke McCown,10,-499.1773201312653,-49.917732013126525,0.2,0.0,0.0,0.0
536,Ryan Mallett,8,-501.5431305640932,-62.69289132051165,0.375,0.0,0.0,0.0
389,Kevin Kolb,21,-504.3616227374141,-24.017220130353053,0.42857142857142855,0.0,0.0,0.0
218,Eddie LeBaron,86,-507.2716832157856,-5.8985079443696,0.3372093023255814,0.0,0.06976744186046512,0.22093023255813954
553,Scott Tolzien,4,-511.146071467109,-127.78651786677725,0.0,0.0,0.0,0.0
633,Tommy O'Connell,22,-511.3050548279929,-23.24113885581786,0.5,0.0,0.09090909090909091,0.18181818181818182
649,Ty Detmer,26,-513.4808368818808,-19.749262956995416,0.4230769230769231,0.0,0.0,0.0
208,Dwayne Haskins,7,-515.2069423480591,-73.60099176400844,0.2857142857142857,0.0,0.0,0.0
323,Jim Ninowski,31,-518.1127651942315,-16.713315006265535,0.4838709677419355,0.0,0.0,0.0
625,Tom Owen,9,-518.8337351619998,-57.64819279577776,0.4444444444444444,0.0,0.0,0.0
429,Matt Barkley,7,-520.2043935385093,-74.31491336264419,0.2857142857142857,0.0,0.0,0.0
97,Caleb Hanie,4,-526.5402319474919,-131.63505798687297,0.0,0.0,0.0,0.0
220,Eli Manning,246,-530.2254021764807,-2.155387813725531,0.508130081300813,0.0,0.02032520325203252,0.0975609756097561
432,Matt Flynn,7,-534.5706717788017,-76.36723882554311,0.42857142857142855,0.0,0.0,0.0
363,Johnny Manziel,8,-537.5458193933058,-67.19322742416323,0.25,0.0,0.0,0.0
274,Jack Scarbath,11,-539.6246930366676,-49.056790276060696,0.36363636363636365,0.0,0.0,0.0
16,Andy Dalton,136,-539.8520530131998,-3.9695003898029397,0.5073529411764706,0.0,0.0,0.022058823529411766
601,Terry Nofsinger,6,-543.717552049281,-90.6195920082135,0.16666666666666666,0.0,0.0,0.0
280,Jake Locker,23,-546.2251075767361,-23.748917720727658,0.391304347826087,0.0,0.0,0.0
483,Pat Ryan,21,-550.7816258118156,-26.227696467229315,0.5714285714285714,0.0,0.047619047619047616,0.09523809523809523
525,Ron Smith,7,-551.2140025355781,-78.74485750508258,0.2857142857142857,0.0,0.0,0.0
457,Mike Livingston,75,-554.4822575840633,-7.393096767787511,0.41333333333333333,0.0,0.0,0.0
378,Kelly Holcomb,25,-555.135118239039,-22.20540472956156,0.32,0.0,0.0,0.0
36,Bill Troup,11,-556.5760124138283,-50.59781931034802,0.2727272727272727,0.0,0.0,0.0
282,Jameis Winston,69,-558.9790199558615,-8.101145216751616,0.4057971014492754,0.0,0.0,0.0
244,Gary Marangi,7,-559.3164189980844,-79.90234557115491,0.0,0.0,0.0,0.0
120,Chuck Long,21,-562.6766396949181,-26.794125699758006,0.19047619047619047,0.0,0.0,0.0
361,Johnny Green,19,-562.8484514168595,-29.623602706150496,0.42105263157894735,0.0,0.0,0.0
113,Chase Daniel,5,-563.9946559606694,-112.79893119213389,0.4,0.0,0.0,0.0
367,Josh Allen,26,-568.9630425344484,-21.88319394363263,0.5769230769230769,0.0,0.0,0.0
431,Matt Cavanaugh,19,-575.2833031812025,-30.278068588484345,0.42105263157894735,0.0,0.0,0.0
557,Sean Salisbury,13,-575.5344144153268,-44.27187803194821,0.46153846153846156,0.0,0.0,0.0
257,Glenn Foley,9,-578.1599854759319,-64.23999838621465,0.2222222222222222,0.0,0.0,0.0
112,Charlie Whitehurst,9,-579.4186166112514,-64.37984629013904,0.2222222222222222,0.0,0.0,0.0
322,Jim Miller,28,-579.5752144590409,-20.699114802108603,0.5357142857142857,0.0,0.0,0.0
660,Warren Rabb,10,-579.6458978408427,-57.964589784084275,0.6,0.0,0.0,0.0
61,Bobby Hoying,13,-579.6966757185079,-44.59205197834676,0.23076923076923078,0.0,0.0,0.0
494,Phil Simms,169,-579.7490895287666,-3.4304679853773172,0.5976331360946746,0.0,0.01775147928994083,0.03550295857988166
561,Shaun King,27,-582.2827677295132,-21.566028434426418,0.5555555555555556,0.0,0.0,0.037037037037037035
179,Devlin Hodges,5,-582.5819935599554,-116.51639871199109,0.6,0.0,0.0,0.0
270,J.T. O'Sullivan,8,-589.4194082535923,-73.67742603169904,0.25,0.0,0.0,0.0
37,Billy Joe Hobert,17,-590.3552190607421,-34.72677759180836,0.23529411764705882,0.0,0.0,0.0
418,Marcus Mariota,63,-591.6867665361691,-9.39185343708205,0.47619047619047616,0.0,0.0,0.0
621,Tom Hodson,12,-592.4482058418074,-49.37068382015062,0.08333333333333333,0.0,0.0,0.0
541,Sam Etcheverry,13,-595.1438341208462,-45.78029493237279,0.38461538461538464,0.0,0.0,0.0
573,Steve Dils,27,-596.130670277965,-22.078913713998706,0.37037037037037035,0.0,0.0,0.0
307,Jerry Tagge,12,-599.3242574311205,-49.94368811926004,0.5,0.0,0.0,0.0
469,Nathan Peterman,4,-611.8047159447696,-152.9511789861924,0.25,0.0,0.0,0.0
53,Bob Gagliano,13,-614.3806362521585,-47.26004894247373,0.5384615384615384,0.0,0.0,0.0
602,Thaddeus Lewis,6,-620.0606304026611,-103.34343840044352,0.3333333333333333,0.0,0.0,0.0
356,John Reaves,17,-621.0165701807091,-36.53038648121818,0.23529411764705882,0.0,0.058823529411764705,0.11764705882352941
85,Browning Nagle,14,-624.227387682748,-44.58767054876772,0.2857142857142857,0.0,0.0,0.0
486,Patrick Ramsey,24,-624.8722983605305,-26.036345765022105,0.4166666666666667,0.0,0.0,0.0
574,Steve Fuller,44,-626.0488130435689,-14.228382114626566,0.45454545454545453,0.0,0.0,0.045454545454545456
73,Brett Hundley,9,-627.5177182274879,-69.72419091416532,0.3333333333333333,0.0,0.0,0.0
209,EJ Manuel,18,-627.6843656252654,-34.871353645848075,0.3333333333333333,0.0,0.0,0.0
117,Chris Simms,17,-631.5505288809602,-37.15003111064472,0.4117647058823529,0.0,0.0,0.0
629,Tom Tupa,13,-631.730885824578,-48.594683524967536,0.3076923076923077,0.0,0.0,0.0
140,Curtis Painter,8,-634.9317589125836,-79.36646986407295,0.0,0.0,0.0,0.0
15,Andrew Walter,9,-635.7460317900229,-70.63844797666921,0.2222222222222222,0.0,0.0,0.0
547,Scott Campbell,13,-638.3065699302244,-49.100505379248034,0.15384615384615385,0.0,0.0,0.0
118,Chris Weinke,20,-640.4746989636996,-32.02373494818498,0.1,0.0,0.0,0.0
35,Bill Nelsen,79,-641.9717376266555,-8.126224526919689,0.5316455696202531,0.0,0.02531645569620253,0.08860759493670886
275,Jack Thompson,21,-643.9417830038687,-30.663894428755654,0.19047619047619047,0.0,0.0,0.0
473,Nick Foles,54,-644.4923427069416,-11.935043383461881,0.5555555555555556,0.0,0.037037037037037035,0.07407407407407407
628,Tom Sherman,7,-645.6269191737331,-92.23241702481901,0.14285714285714285,0.0,0.0,0.0
302,Jeff Rutledge,10,-646.4561492443244,-64.64561492443244,0.2,0.0,0.0,0.0
12,Alex Van Pelt,11,-649.6035593189051,-59.05486902899138,0.2727272727272727,0.0,0.0,0.0
472,Neil O'Donnell,107,-652.2893630416772,-6.096162271417544,0.5420560747663551,0.0,0.028037383177570093,0.04672897196261682
284,Jamie Martin,8,-655.1533002991172,-81.89416253738965,0.5,0.0,0.0,0.0
438,Matt McGloin,7,-666.0175756448377,-95.14536794926254,0.14285714285714285,0.0,0.0,0.0
566,Stan Humphries,87,-668.1857459567937,-7.680295930537858,0.6091954022988506,0.0,0.011494252873563218,0.022988505747126436
207,Drew Stanton,17,-668.5170877130705,-39.32453457135709,0.6470588235294118,0.0,0.0,0.0
8,Al Woodall,19,-669.9757032853894,-35.26187912028365,0.2631578947368421,0.0,0.0,0.0
559,Shane Matthews,22,-673.4253987122738,-30.610245396012445,0.5,0.0,0.0,0.0
277,Jacky Lee,23,-676.6136055680115,-29.41798285078311,0.30434782608695654,0.0,0.0,0.0
31,Bill Kenney,77,-680.321940635244,-8.835349878379793,0.44155844155844154,0.0,0.012987012987012988,0.07792207792207792
235,Gardner Minshew,11,-687.4088123570073,-62.49171021427339,0.45454545454545453,0.0,0.0,0.0
230,Frank Tripucka,52,-692.519324582964,-13.317679318903155,0.3269230769230769,0.0,0.019230769230769232,0.07692307692307693
349,John Friesz,38,-695.6268432409645,-18.30596955897275,0.34210526315789475,0.0,0.0,0.0
124,Cliff Stoudt,21,-703.1461287435841,-33.48314898778972,0.42857142857142855,0.0,0.0,0.0
63,Bobby Scott,14,-713.6803480830968,-50.977167720221196,0.2857142857142857,0.0,0.0,0.0
25,Baker Mayfield,28,-713.7225134299725,-25.490089765356164,0.42857142857142855,0.0,0.0,0.0
391,Kim McQuilken,7,-717.5192802300668,-102.50275431858097,0.2857142857142857,0.0,0.0,0.0
184,Dieter Brock,17,-727.9382974428412,-42.819899849578896,0.7058823529411765,0.0,0.0,0.058823529411764705
427,Marty Domres,32,-734.1608591439362,-22.942526848248008,0.375,0.0,0.0,0.0
89,Bryce Petty,7,-742.2587177354299,-106.03695967648999,0.14285714285714285,0.0,0.0,0.0
153,Danny Wuerffel,10,-745.9203280572152,-74.59203280572152,0.4,0.0,0.0,0.0
285,Jared Goff,57,-754.9783761838091,-13.245234669891389,0.5964912280701754,0.0,0.017543859649122806,0.07017543859649122
369,Josh Johnson,8,-770.1198241008642,-96.26497801260803,0.125,0.0,0.0,0.0
373,Karl Sweetan,19,-775.1423957619285,-40.796968197996236,0.3157894736842105,0.0,0.0,0.0
605,Tim Rattay,18,-775.7675965604744,-43.09819980891525,0.2777777777777778,0.0,0.0,0.0
290,Jay Fiedler,63,-777.2016069261543,-12.336533443272291,0.6031746031746031,0.0,0.0,0.0
84,Brooks Bollinger,10,-783.1027797317485,-78.31027797317485,0.2,0.0,0.0,0.0
587,Steve Walsh,41,-786.9343488682307,-19.19352070410319,0.5121951219512195,0.0,0.0,0.0
305,Jerry Golsteyn,9,-787.0949403163763,-87.45499336848626,0.2222222222222222,0.0,0.0,0.0
182,Dick Shiner,29,-788.539669222835,-27.191023076649483,0.2413793103448276,0.0,0.0,0.0
448,Mickey Slaughter,19,-793.6412343935804,-41.77059128387265,0.10526315789473684,0.0,0.05263157894736842,0.05263157894736842
643,Trent Edwards,33,-796.1548870970697,-24.125905669608173,0.42424242424242425,0.0,0.0,0.0
316,Jim Harbaugh,145,-798.9295112424812,-5.509858698224009,0.4689655172413793,0.0,0.006896551724137931,0.06896551724137931
51,Bob Davis,14,-804.597225647535,-57.47123040339535,0.42857142857142855,0.0,0.0,0.0
379,Kelly Stouffer,16,-806.9662385363661,-50.43538990852288,0.3125,0.0,0.0,0.0
653,Vince Evans,39,-811.2787832959756,-20.802020084512193,0.358974358974359,0.0,0.05128205128205128,0.07692307692307693
175,Dennis Shaw,37,-815.9782405727424,-22.05346596142547,0.21621621621621623,0.0,0.0,0.0
95,C.J. Beathard,10,-823.2428093395145,-82.32428093395144,0.1,0.0,0.0,0.0
188,Don Horn,15,-830.2820098320487,-55.35213398880325,0.4,0.0,0.0,0.0
281,Jake Plummer,142,-838.7663175061615,-5.9068050528602924,0.5,0.0,0.02112676056338028,0.07746478873239436
341,Joe Reed,19,-838.8129296337884,-44.14804892809413,0.47368421052631576,0.0,0.0,0.0
584,Steve Spurrier,38,-844.352997376282,-22.219815720428475,0.34210526315789475,0.0,0.0,0.0
199,Doug Johnson,11,-848.9093399871069,-77.17357636246426,0.18181818181818182,0.0,0.0,0.0
162,David Archer,23,-849.4852355388886,-36.93414067560385,0.391304347826087,0.0,0.0,0.0
421,Mark Malone,55,-852.6753601027817,-15.503188365505123,0.43636363636363634,0.0,0.01818181818181818,0.03636363636363636
111,Charlie Frye,23,-870.1026926323458,-37.83055185358025,0.30434782608695654,0.0,0.0,0.0
535,Ryan Lindley,7,-870.9633647318404,-124.42333781883436,0.14285714285714285,0.0,0.0,0.0
498,Ralph Guglielmi,27,-879.9106437738849,-32.58928310273648,0.2962962962962963,0.0,0.0,0.0
392,King Hill,29,-882.2062392309989,-30.42090480106893,0.27586206896551724,0.0,0.0,0.0
467,Mitchell Trubisky,41,-886.1451004123569,-21.613295132008705,0.5365853658536586,0.0,0.0,0.024390243902439025
652,Tyrod Taylor,46,-886.5442248095281,-19.272700539337567,0.5,0.0,0.0,0.0
474,Nick Mullens,8,-886.7845352157528,-110.8480669019691,0.375,0.0,0.0,0.0
170,David Woodley,58,-889.9055355186125,-15.34319888825194,0.6379310344827587,0.0,0.034482758620689655,0.05172413793103448
632,Tommy Maddox,38,-898.559893299072,-23.646312981554527,0.42105263157894735,0.0,0.0,0.0
296,Jeff Driskel,8,-901.6703784590715,-112.70879730738393,0.125,0.0,0.0,0.0
301,Jeff Komlo,16,-906.4891519830774,-56.655571998942335,0.125,0.0,0.0,0.0
491,Pete Liske,29,-907.6824693335583,-31.29939549426063,0.4482758620689655,0.0,0.0,0.0
565,Stan Gelbaugh,12,-916.7358950447286,-76.39465792039405,0.08333333333333333,0.0,0.0,0.0
279,Jake Delhomme,104,-922.6696961000971,-8.871824000962473,0.5865384615384616,0.0,0.009615384615384616,0.057692307692307696
459,Mike McMahon,14,-922.7234891512952,-65.90882065366394,0.21428571428571427,0.0,0.0,0.0
560,Shaun Hill,35,-931.9558429383077,-26.627309798237363,0.4857142857142857,0.0,0.0,0.0
272,Jack Concannon,45,-940.5844457251229,-20.901876571669398,0.4444444444444444,0.0,0.0,0.0
386,Kent Nix,18,-948.7861889024581,-52.710343827914336,0.2222222222222222,0.0,0.0,0.0
610,Todd Blackledge,30,-957.9471924920347,-31.93157308306782,0.5,0.0,0.0,0.03333333333333333
236,Gary Cuozzo,41,-970.1334325215195,-23.66179103711023,0.5121951219512195,0.0,0.0,0.0
627,Tom Savage,9,-976.3226730779033,-108.48029700865592,0.2222222222222222,0.0,0.0,0.0
143,Dan Darragh,11,-976.638411541051,-88.78531014009555,0.09090909090909091,0.0,0.0,0.09090909090909091
337,Joe Kapp,52,-980.6359292183498,-18.858383254199033,0.5,0.0,0.038461538461538464,0.1346153846153846
6,Akili Smith,17,-984.9822533649974,-57.9401325508822,0.17647058823529413,0.0,0.0,0.0
667,Zach Mettenberger,10,-986.1458488698613,-98.61458488698614,0.0,0.0,0.0,0.0
115,Chris Miller,94,-993.248545929991,-10.566473892872244,0.3723404255319149,0.0,0.010638297872340425,0.0425531914893617
151,Danny Kanell,25,-994.3141636264369,-39.77256654505747,0.4,0.0,0.0,0.0
187,Don Heinrich,36,-994.6029218498361,-27.627858940273224,0.5833333333333334,0.0,0.08333333333333333,0.08333333333333333
222,Eric Hipple,58,-999.2774833029274,-17.22892212591254,0.4827586206896552,0.0,0.0,0.0
128,Cody Kessler,12,-1001.9246927291234,-83.49372439409362,0.16666666666666666,0.0,0.0,0.0
55,Bob Lee,33,-1013.476474486664,-30.711408317777696,0.6060606060606061,0.0,0.0,0.030303030303030304
440,Matt Robinson,20,-1014.917484134723,-50.745874206736154,0.5,0.0,0.0,0.0
581,Steve Ramsey,31,-1016.1933875708348,-32.7804318571237,0.45161290322580644,0.0,0.0,0.0
169,David Whitehurst,37,-1032.6179087839168,-27.90859212929505,0.43243243243243246,0.0,0.0,0.0
357,John Roach,20,-1032.8535152033055,-51.642675760165275,0.35,0.0,0.0,0.0
385,Kent Graham,38,-1038.1934467499143,-27.320880177629324,0.4473684210526316,0.0,0.0,0.0
22,Austin Davis,10,-1041.0854313955888,-104.10854313955888,0.3,0.0,0.0,0.0
331,Joe Ferguson,175,-1047.761907080248,-5.987210897601417,0.45714285714285713,0.0,0.011428571428571429,0.045714285714285714
135,Craig Erickson,35,-1048.1973915325807,-29.948496900930877,0.4,0.0,0.0,0.0
167,David Klingler,24,-1049.6714437724688,-43.7363101571862,0.16666666666666666,0.0,0.0,0.0
328,Jimmy Clausen,14,-1055.2585396100894,-75.37560997214925,0.07142857142857142,0.0,0.0,0.0
496,Quincy Carter,35,-1061.9425118197269,-30.34121462342077,0.5142857142857142,0.0,0.0,0.0
668,Zeke Bratkowski,49,-1066.0586736897662,-21.756299463056454,0.3673469387755102,0.0,0.0,0.0
0,A.J. Feeley,18,-1071.4255991929042,-59.523644399605786,0.4444444444444444,0.0,0.0,0.0
599,Terry Hanratty,18,-1075.0746940189856,-59.72637188994364,0.3333333333333333,0.0,0.0,0.0
452,Mike Glennon,22,-1077.3015444191456,-48.96825201905207,0.2727272727272727,0.0,0.0,0.0
376,Kellen Clemens,21,-1082.7854588090515,-51.56121232424055,0.38095238095238093,0.0,0.0,0.0
592,Tarvaris Jackson,35,-1088.8320505229465,-31.10948715779847,0.4857142857142857,0.0,0.0,0.0
142,Damon Huard,27,-1091.2413683526452,-40.416346976023895,0.5555555555555556,0.0,0.0,0.0
86,Bruce Gradkowski,20,-1092.6597566324551,-54.632987831622756,0.3,0.0,0.0,0.0
266,Hugh Millen,25,-1111.2081014634018,-44.44832405853607,0.28,0.0,0.0,0.0
401,Kyle Orton,82,-1111.3180132527536,-13.552658698204313,0.5121951219512195,0.0,0.0,0.012195121951219513
171,DeShone Kizer,15,-1118.700069065189,-74.58000460434593,0.0,0.0,0.0,0.0
68,Brady Quinn,20,-1118.7366123510421,-55.936830617552104,0.2,0.0,0.0,0.0
139,Craig Whelihan,14,-1120.3880409987696,-80.02771721419784,0.14285714285714285,0.0,0.0,0.0
475,Norm Snead,160,-1124.691741324543,-7.029323383278394,0.325,0.0,0.00625,0.03125
381,Ken Dorsey,13,-1132.3211062499968,-87.10162355769206,0.15384615384615385,0.0,0.0,0.0
278,Jacoby Brissett,31,-1135.7804881795923,-36.638080263857816,0.3870967741935484,0.0,0.0,0.0
365,Jon Kitna,125,-1138.9063610362475,-9.11125088828998,0.4,0.0,0.0,0.008
591,T.J. Yates,12,-1139.015912630873,-94.91799271923941,0.4166666666666667,0.0,0.0,0.0
131,Colt McCoy,28,-1145.0068423287469,-40.89310151174096,0.25,0.0,0.0,0.0
612,Todd Collins,22,-1163.0744996765634,-52.867022712571064,0.5,0.0,0.0,0.0
517,Rick Norton,11,-1169.212761913662,-106.29206926487836,0.09090909090909091,0.0,0.0,0.0
353,John McCormick,15,-1201.8269576753485,-80.12179717835656,0.3333333333333333,0.0,0.0,0.0
529,Rusty Hilger,14,-1203.0425073435683,-85.93160766739774,0.35714285714285715,0.0,0.0,0.0
298,Jeff George,127,-1204.9366912601026,-9.487690482363012,0.3700787401574803,0.0,0.0,0.031496062992125984
269,J.P. Losman,33,-1207.7982168788678,-36.5999459660263,0.30303030303030304,0.0,0.0,0.0
70,Brandon Weeden,25,-1216.2361322027439,-48.64944528810975,0.24,0.0,0.0,0.0
239,Gary Huff,28,-1224.0205864003735,-43.71502094287048,0.25,0.0,0.0,0.0
512,Richard Todd,112,-1232.734282431237,-11.006556093136044,0.44642857142857145,0.0,0.008928571428571428,0.03571428571428571
183,Dick Wood,32,-1235.7870975341723,-38.618346797942884,0.40625,0.0,0.0,0.03125
264,Heath Shuler,22,-1242.7830173151592,-56.49013715068906,0.36363636363636365,0.0,0.0,0.0
414,Lynn Dickey,113,-1250.3780240792896,-11.065292248489289,0.40707964601769914,0.0,0.008849557522123894,0.061946902654867256
271,JaMarcus Russell,25,-1265.1230538124928,-50.60492215249971,0.28,0.0,0.0,0.0
398,Kyle Allen,13,-1267.2108005857588,-97.47775389121222,0.46153846153846156,0.0,0.0,0.0
119,Christian Ponder,36,-1289.2226233748227,-35.81173953818952,0.3888888888888889,0.0,0.0,0.0
461,Mike Pagel,54,-1296.2619172000027,-24.004850318518567,0.3148148148148148,0.0,0.0,0.0
545,Scott Brunner,32,-1302.702157709112,-40.70944242840975,0.40625,0.0,0.0,0.03125
38,Billy Joe Tolliver,47,-1313.3717648870654,-27.944080103980117,0.3191489361702128,0.0,0.0,0.0
505,Randy Wright,32,-1349.0384564323758,-42.157451763511745,0.21875,0.0,0.0,0.0
490,Pete Beathard,37,-1352.2562014200862,-36.547464903245576,0.4864864864864865,0.0,0.02702702702702703,0.05405405405405406
109,Charlie Batch,55,-1397.001214705496,-25.400022085554475,0.45454545454545453,0.0,0.0,0.0
595,Teddy Bridgewater,35,-1401.3383221441263,-40.03823777554646,0.6285714285714286,0.0,0.0,0.0
44,Blake Bortles,76,-1426.0108917557673,-18.763301207312725,0.34210526315789475,0.0,0.013157894736842105,0.05263157894736842
276,Jack Trudeau,50,-1448.8017975301316,-28.976035950602633,0.38,0.0,0.0,0.0
504,Randy Johnson,49,-1450.31544654966,-29.598274419380818,0.20408163265306123,0.0,0.0,0.0
201,Doug Pederson,17,-1472.2650296873946,-86.6038252757291,0.17647058823529413,0.0,0.0,0.0
603,Tim Couch,59,-1486.9276056040394,-25.202162806848126,0.3728813559322034,0.0,0.0,0.0
358,John Skelton,17,-1491.1915066377728,-87.71714744928076,0.47058823529411764,0.0,0.0,0.0
488,Paul McDonald,22,-1501.5953245111614,-68.25433293232551,0.36363636363636365,0.0,0.0,0.0
340,Joe Pisarcik,30,-1503.045409057643,-50.10151363525476,0.3,0.0,0.0,0.0
11,Alex Smith,168,-1517.8732640721,-9.034959905191071,0.5714285714285714,0.0,0.041666666666666664,0.08333333333333333
540,Sam Darnold,25,-1522.6877656242423,-60.90751062496969,0.4,0.0,0.0,0.0
465,Mike Tomczak,78,-1522.9441050484584,-19.524924423698184,0.5769230769230769,0.0,0.0,0.0
439,Matt Moore,33,-1523.1986386679234,-46.15753450508859,0.48484848484848486,0.0,0.0,0.0
105,Chad Hutchinson,14,-1552.9067906176833,-110.9219136155488,0.21428571428571427,0.0,0.0,0.0
404,Lamar McHan,70,-1561.0226670835814,-22.300323815479732,0.34285714285714286,0.0,0.07142857142857142,0.17142857142857143
539,Sam Bradford,83,-1578.5859180939913,-19.01910744691556,0.40963855421686746,0.0,0.0,0.024096385542168676
537,Ryan Tannehill,97,-1603.4723278201648,-16.53064255484706,0.4948453608247423,0.0,0.0,0.0
45,Bob Avellini,51,-1615.7854924933872,-31.682068480262494,0.45098039215686275,0.0,0.0,0.0
134,Cotton Davidson,53,-1636.672385936573,-30.880611055407037,0.3584905660377358,0.0,0.018867924528301886,0.018867924528301886
534,Ryan Leaf,21,-1650.3519935759211,-78.58819017028196,0.19047619047619047,0.0,0.0,0.0
462,Mike Phipps,73,-1654.251168394986,-22.660974909520355,0.5205479452054794,0.0,0.0,0.0273972602739726
549,Scott Hunter,43,-1665.934044119759,-38.742652188831606,0.4883720930232558,0.0,0.0,0.0
370,Josh McCown,76,-1679.3490497939679,-22.09669802360484,0.3026315789473684,0.0,0.0,0.0
586,Steve Tensi,34,-1704.7496571807515,-50.139695799433866,0.29411764705882354,0.0,0.029411764705882353,0.029411764705882353
371,Josh Rosen,16,-1705.5869021738756,-106.59918138586723,0.1875,0.0,0.0,0.0
161,Dave Wilson,31,-1709.8411909163995,-55.156167448916115,0.3870967741935484,0.0,0.0,0.0
510,Rex Grossman,51,-1820.5481436882303,-35.69702242525942,0.5294117647058824,0.0,0.0196078431372549,0.0392156862745098
417,Marc Wilson,61,-1826.3010229574454,-29.93936103208927,0.5245901639344263,0.0,0.0,0.0
18,Anthony Wright,20,-1847.2051465934233,-92.36025732967116,0.4,0.0,0.0,0.0
332,Joe Flacco,186,-1893.6965872874407,-10.181164447781939,0.5806451612903226,0.0,0.005376344086021506,0.04838709677419355
82,Brock Osweiler,32,-1962.3096617788628,-61.322176930589464,0.5,0.0,0.0,0.0
203,Drew Bledsoe,199,-1970.5395482669949,-9.90220878526128,0.507537688442211,0.0,0.01507537688442211,0.07035175879396985
246,Geno Smith,31,-1990.6699689664608,-64.21516028924067,0.3870967741935484,0.0,0.0,0.0
645,Trevor Siemian,25,-1997.8040958930485,-79.91216383572194,0.52,0.0,0.0,0.0
104,Chad Henne,53,-1999.2421435517015,-37.72154987833399,0.33962264150943394,0.0,0.0,0.0
464,Mike Taliaferro,32,-2039.1018421614547,-63.72193256754546,0.34375,0.0,0.0,0.0
324,Jim Plunkett,154,-2039.9587645163408,-13.246485483872343,0.5194805194805194,0.0,0.025974025974025976,0.08441558441558442
399,Kyle Boller,47,-2092.57655354916,-44.52290539466298,0.425531914893617,0.0,0.0,0.0
103,Case Keenum,63,-2197.5912099667044,-34.882400158201655,0.4444444444444444,0.0,0.015873015873015872,0.015873015873015872
262,Gus Frerotte,95,-2218.2238706804546,-23.3497249545311,0.47368421052631576,0.0,0.0,0.010526315789473684
176,Derek Anderson,49,-2232.7768514007257,-45.56687451838216,0.40816326530612246,0.0,0.0,0.0
520,Rodney Peete,89,-2233.7849138411448,-25.098706897091514,0.5168539325842697,0.0,0.0,0.011235955056179775
533,Ryan Fitzpatrick,138,-2244.1822443195297,-16.262190176228476,0.391304347826087,0.0,0.0,0.0
76,Brian Hoyer,39,-2409.4633209108097,-61.78111079258486,0.41025641025641024,0.0,0.0,0.0
90,Bubby Brister,77,-2424.777302824418,-31.490614322395036,0.4935064935064935,0.0,0.0,0.012987012987012988
344,Joey Harrington,76,-2480.8941474045396,-32.64334404479657,0.34210526315789475,0.0,0.0,0.0
149,Dan Pastorini,122,-2488.5774359831958,-20.398175704780293,0.48360655737704916,0.0,0.03278688524590164,0.040983606557377046
156,Dave Brown,60,-2503.558040570088,-41.7259673428348,0.43333333333333335,0.0,0.0,0.0
114,Chris Chandler,155,-2589.2258953249343,-16.704683195644737,0.44516129032258067,0.0,0.0064516129032258064,0.012903225806451613
384,Ken Stabler,158,-2648.5321086493914,-16.762861447148047,0.6518987341772152,0.0,0.05063291139240506,0.10126582278481013
637,Tony Banks,78,-2651.0231434191255,-33.9874761976811,0.44871794871794873,0.0,0.0,0.0
515,Rick Mirer,68,-2790.422216803168,-41.0356208353407,0.35294117647058826,0.0,0.0,0.0
164,David Carr,79,-3271.0474531237874,-41.40566396359225,0.2911392405063291,0.0,0.0,0.0
423,Mark Sanchez,78,-3352.191392167456,-42.97681272009559,0.5128205128205128,0.0,0.01282051282051282,0.02564102564102564
430,Matt Cassel,82,-3366.089674347662,-41.049874077410514,0.43902439024390244,0.0,0.0,0.0
42,Blaine Gabbert,48,-3398.154202667745,-70.79487922224469,0.2708333333333333,0.0,0.0,0.0
642,Trent Dilfer,119,-4390.724991667317,-36.89684866947325,0.5294117647058824,0.0,0.008403361344537815,0.01680672268907563
